<?xml version="1.0" encoding="UTF-8" ?>
<!DOCTYPE mapper
PUBLIC "-//mybatis.org//DTD Mapper 3.0//EN"
"http://mybatis.org/dtd/mybatis-3-mapper.dtd">
<mapper namespace="com.qh.mall.order.mapper.OrderReturnReasonMapper">
    
    <resultMap type="OrderReturnReason" id="OrderReturnReasonResult">
        <result property="id"    column="id"    />
        <result property="name"    column="name"    />
        <result property="sort"    column="sort"    />
        <result property="status"    column="status"    />
        <result property="createTime"    column="create_time"    />
    </resultMap>

    <sql id="selectOrderReturnReasonVo">
        select id, name, sort, status, create_time from oms_order_return_reason
    </sql>

    <select id="selectOrderReturnReasonList" parameterType="OrderReturnReason" resultMap="OrderReturnReasonResult">
        <include refid="selectOrderReturnReasonVo"/>
        <where>  
            <if test="name != null  and name != ''"> and name like concat('%', #{name}, '%')</if>
            <if test="sort != null "> and sort = #{sort}</if>
            <if test="status != null "> and status = #{status}</if>
        </where>
    </select>
    
    <select id="selectOrderReturnReasonById" parameterType="Long" resultMap="OrderReturnReasonResult">
        <include refid="selectOrderReturnReasonVo"/>
        where id = #{id}
    </select>
        
    <insert id="insertOrderReturnReason" parameterType="OrderReturnReason" useGeneratedKeys="true" keyProperty="id">
        insert into oms_order_return_reason
        <trim prefix="(" suffix=")" suffixOverrides=",">
            <if test="name != null">name,</if>
            <if test="sort != null">sort,</if>
            <if test="status != null">status,</if>
            <if test="createTime != null">create_time,</if>
         </trim>
        <trim prefix="values (" suffix=")" suffixOverrides=",">
            <if test="name != null">#{name},</if>
            <if test="sort != null">#{sort},</if>
            <if test="status != null">#{status},</if>
            <if test="createTime != null">#{createTime},</if>
         </trim>
    </insert>

    <update id="updateOrderReturnReason" parameterType="OrderReturnReason">
        update oms_order_return_reason
        <trim prefix="SET" suffixOverrides=",">
            <if test="name != null">name = #{name},</if>
            <if test="sort != null">sort = #{sort},</if>
            <if test="status != null">status = #{status},</if>
            <if test="createTime != null">create_time = #{createTime},</if>
        </trim>
        where id = #{id}
    </update>

    <delete id="deleteOrderReturnReasonById" parameterType="Long">
        delete from oms_order_return_reason where id = #{id}
    </delete>

    <delete id="deleteOrderReturnReasonByIds" parameterType="String">
        delete from oms_order_return_reason where id in 
        <foreach item="id" collection="array" open="(" separator="," close=")">
            #{id}
        </foreach>
    </delete>
</mapper>