<?xml version="1.0" encoding="UTF-8" ?>
<!DOCTYPE mapper
PUBLIC "-//mybatis.org//DTD Mapper 3.0//EN"
"http://mybatis.org/dtd/mybatis-3-mapper.dtd">
<mapper namespace="com.qh.mall.order.mapper.PaymentInfoMapper">
    
    <resultMap type="PaymentInfo" id="PaymentInfoResult">
        <result property="id"    column="id"    />
        <result property="orderSn"    column="order_sn"    />
        <result property="orderId"    column="order_id"    />
        <result property="alipayTradeNo"    column="alipay_trade_no"    />
        <result property="totalAmount"    column="total_amount"    />
        <result property="subject"    column="subject"    />
        <result property="paymentStatus"    column="payment_status"    />
        <result property="createTime"    column="create_time"    />
        <result property="confirmTime"    column="confirm_time"    />
        <result property="callbackContent"    column="callback_content"    />
        <result property="callbackTime"    column="callback_time"    />
    </resultMap>

    <sql id="selectPaymentInfoVo">
        select id, order_sn, order_id, alipay_trade_no, total_amount, subject, payment_status, create_time, confirm_time, callback_content, callback_time from oms_payment_info
    </sql>

    <select id="selectPaymentInfoList" parameterType="PaymentInfo" resultMap="PaymentInfoResult">
        <include refid="selectPaymentInfoVo"/>
        <where>  
            <if test="orderSn != null  and orderSn != ''"> and order_sn = #{orderSn}</if>
            <if test="orderId != null "> and order_id = #{orderId}</if>
            <if test="alipayTradeNo != null  and alipayTradeNo != ''"> and alipay_trade_no = #{alipayTradeNo}</if>
            <if test="totalAmount != null "> and total_amount = #{totalAmount}</if>
            <if test="subject != null  and subject != ''"> and subject = #{subject}</if>
            <if test="paymentStatus != null  and paymentStatus != ''"> and payment_status = #{paymentStatus}</if>
            <if test="confirmTime != null "> and confirm_time = #{confirmTime}</if>
            <if test="callbackContent != null  and callbackContent != ''"> and callback_content = #{callbackContent}</if>
            <if test="callbackTime != null "> and callback_time = #{callbackTime}</if>
        </where>
    </select>
    
    <select id="selectPaymentInfoById" parameterType="Long" resultMap="PaymentInfoResult">
        <include refid="selectPaymentInfoVo"/>
        where id = #{id}
    </select>
        
    <insert id="insertPaymentInfo" parameterType="PaymentInfo" useGeneratedKeys="true" keyProperty="id">
        insert into oms_payment_info
        <trim prefix="(" suffix=")" suffixOverrides=",">
            <if test="orderSn != null">order_sn,</if>
            <if test="orderId != null">order_id,</if>
            <if test="alipayTradeNo != null">alipay_trade_no,</if>
            <if test="totalAmount != null">total_amount,</if>
            <if test="subject != null">subject,</if>
            <if test="paymentStatus != null">payment_status,</if>
            <if test="createTime != null">create_time,</if>
            <if test="confirmTime != null">confirm_time,</if>
            <if test="callbackContent != null">callback_content,</if>
            <if test="callbackTime != null">callback_time,</if>
         </trim>
        <trim prefix="values (" suffix=")" suffixOverrides=",">
            <if test="orderSn != null">#{orderSn},</if>
            <if test="orderId != null">#{orderId},</if>
            <if test="alipayTradeNo != null">#{alipayTradeNo},</if>
            <if test="totalAmount != null">#{totalAmount},</if>
            <if test="subject != null">#{subject},</if>
            <if test="paymentStatus != null">#{paymentStatus},</if>
            <if test="createTime != null">#{createTime},</if>
            <if test="confirmTime != null">#{confirmTime},</if>
            <if test="callbackContent != null">#{callbackContent},</if>
            <if test="callbackTime != null">#{callbackTime},</if>
         </trim>
    </insert>

    <update id="updatePaymentInfo" parameterType="PaymentInfo">
        update oms_payment_info
        <trim prefix="SET" suffixOverrides=",">
            <if test="orderSn != null">order_sn = #{orderSn},</if>
            <if test="orderId != null">order_id = #{orderId},</if>
            <if test="alipayTradeNo != null">alipay_trade_no = #{alipayTradeNo},</if>
            <if test="totalAmount != null">total_amount = #{totalAmount},</if>
            <if test="subject != null">subject = #{subject},</if>
            <if test="paymentStatus != null">payment_status = #{paymentStatus},</if>
            <if test="createTime != null">create_time = #{createTime},</if>
            <if test="confirmTime != null">confirm_time = #{confirmTime},</if>
            <if test="callbackContent != null">callback_content = #{callbackContent},</if>
            <if test="callbackTime != null">callback_time = #{callbackTime},</if>
        </trim>
        where id = #{id}
    </update>

    <delete id="deletePaymentInfoById" parameterType="Long">
        delete from oms_payment_info where id = #{id}
    </delete>

    <delete id="deletePaymentInfoByIds" parameterType="String">
        delete from oms_payment_info where id in 
        <foreach item="id" collection="array" open="(" separator="," close=")">
            #{id}
        </foreach>
    </delete>
</mapper>