<?xml version="1.0" encoding="UTF-8" ?>
<!DOCTYPE mapper
PUBLIC "-//mybatis.org//DTD Mapper 3.0//EN"
"http://mybatis.org/dtd/mybatis-3-mapper.dtd">
<mapper namespace="com.qh.mall.coupon.mapper.HomeAdvMapper">
    
    <resultMap type="HomeAdv" id="HomeAdvResult">
        <result property="id"    column="id"    />
        <result property="name"    column="name"    />
        <result property="pic"    column="pic"    />
        <result property="startTime"    column="start_time"    />
        <result property="endTime"    column="end_time"    />
        <result property="status"    column="status"    />
        <result property="clickCount"    column="click_count"    />
        <result property="url"    column="url"    />
        <result property="note"    column="note"    />
        <result property="sort"    column="sort"    />
        <result property="publisherId"    column="publisher_id"    />
        <result property="authId"    column="auth_id"    />
    </resultMap>

    <sql id="selectHomeAdvVo">
        select id, name, pic, start_time, end_time, status, click_count, url, note, sort, publisher_id, auth_id from sms_home_adv
    </sql>

    <select id="selectHomeAdvList" parameterType="HomeAdv" resultMap="HomeAdvResult">
        <include refid="selectHomeAdvVo"/>
        <where>  
            <if test="name != null  and name != ''"> and name like concat('%', #{name}, '%')</if>
            <if test="pic != null  and pic != ''"> and pic = #{pic}</if>
            <if test="startTime != null "> and start_time = #{startTime}</if>
            <if test="endTime != null "> and end_time = #{endTime}</if>
            <if test="status != null "> and status = #{status}</if>
            <if test="clickCount != null "> and click_count = #{clickCount}</if>
            <if test="url != null  and url != ''"> and url = #{url}</if>
            <if test="note != null  and note != ''"> and note = #{note}</if>
            <if test="sort != null "> and sort = #{sort}</if>
            <if test="publisherId != null "> and publisher_id = #{publisherId}</if>
            <if test="authId != null "> and auth_id = #{authId}</if>
        </where>
    </select>
    
    <select id="selectHomeAdvById" parameterType="Long" resultMap="HomeAdvResult">
        <include refid="selectHomeAdvVo"/>
        where id = #{id}
    </select>
        
    <insert id="insertHomeAdv" parameterType="HomeAdv" useGeneratedKeys="true" keyProperty="id">
        insert into sms_home_adv
        <trim prefix="(" suffix=")" suffixOverrides=",">
            <if test="name != null">name,</if>
            <if test="pic != null">pic,</if>
            <if test="startTime != null">start_time,</if>
            <if test="endTime != null">end_time,</if>
            <if test="status != null">status,</if>
            <if test="clickCount != null">click_count,</if>
            <if test="url != null">url,</if>
            <if test="note != null">note,</if>
            <if test="sort != null">sort,</if>
            <if test="publisherId != null">publisher_id,</if>
            <if test="authId != null">auth_id,</if>
         </trim>
        <trim prefix="values (" suffix=")" suffixOverrides=",">
            <if test="name != null">#{name},</if>
            <if test="pic != null">#{pic},</if>
            <if test="startTime != null">#{startTime},</if>
            <if test="endTime != null">#{endTime},</if>
            <if test="status != null">#{status},</if>
            <if test="clickCount != null">#{clickCount},</if>
            <if test="url != null">#{url},</if>
            <if test="note != null">#{note},</if>
            <if test="sort != null">#{sort},</if>
            <if test="publisherId != null">#{publisherId},</if>
            <if test="authId != null">#{authId},</if>
         </trim>
    </insert>

    <update id="updateHomeAdv" parameterType="HomeAdv">
        update sms_home_adv
        <trim prefix="SET" suffixOverrides=",">
            <if test="name != null">name = #{name},</if>
            <if test="pic != null">pic = #{pic},</if>
            <if test="startTime != null">start_time = #{startTime},</if>
            <if test="endTime != null">end_time = #{endTime},</if>
            <if test="status != null">status = #{status},</if>
            <if test="clickCount != null">click_count = #{clickCount},</if>
            <if test="url != null">url = #{url},</if>
            <if test="note != null">note = #{note},</if>
            <if test="sort != null">sort = #{sort},</if>
            <if test="publisherId != null">publisher_id = #{publisherId},</if>
            <if test="authId != null">auth_id = #{authId},</if>
        </trim>
        where id = #{id}
    </update>

    <delete id="deleteHomeAdvById" parameterType="Long">
        delete from sms_home_adv where id = #{id}
    </delete>

    <delete id="deleteHomeAdvByIds" parameterType="String">
        delete from sms_home_adv where id in 
        <foreach item="id" collection="array" open="(" separator="," close=")">
            #{id}
        </foreach>
    </delete>
</mapper>