<?xml version="1.0" encoding="UTF-8" ?>
<!DOCTYPE mapper
PUBLIC "-//mybatis.org//DTD Mapper 3.0//EN"
"http://mybatis.org/dtd/mybatis-3-mapper.dtd">
<mapper namespace="com.qh.mall.coupon.mapper.SeckillPromotionMapper">
    
    <resultMap type="SeckillPromotion" id="SeckillPromotionResult">
        <result property="id"    column="id"    />
        <result property="title"    column="title"    />
        <result property="startTime"    column="start_time"    />
        <result property="endTime"    column="end_time"    />
        <result property="status"    column="status"    />
        <result property="createTime"    column="create_time"    />
        <result property="userId"    column="user_id"    />
    </resultMap>

    <sql id="selectSeckillPromotionVo">
        select id, title, start_time, end_time, status, create_time, user_id from sms_seckill_promotion
    </sql>

    <select id="selectSeckillPromotionList" parameterType="SeckillPromotion" resultMap="SeckillPromotionResult">
        <include refid="selectSeckillPromotionVo"/>
        <where>  
            <if test="title != null  and title != ''"> and title = #{title}</if>
            <if test="startTime != null "> and start_time = #{startTime}</if>
            <if test="endTime != null "> and end_time = #{endTime}</if>
            <if test="status != null "> and status = #{status}</if>
            <if test="userId != null "> and user_id = #{userId}</if>
        </where>
    </select>
    
    <select id="selectSeckillPromotionById" parameterType="Long" resultMap="SeckillPromotionResult">
        <include refid="selectSeckillPromotionVo"/>
        where id = #{id}
    </select>
        
    <insert id="insertSeckillPromotion" parameterType="SeckillPromotion" useGeneratedKeys="true" keyProperty="id">
        insert into sms_seckill_promotion
        <trim prefix="(" suffix=")" suffixOverrides=",">
            <if test="title != null">title,</if>
            <if test="startTime != null">start_time,</if>
            <if test="endTime != null">end_time,</if>
            <if test="status != null">status,</if>
            <if test="createTime != null">create_time,</if>
            <if test="userId != null">user_id,</if>
         </trim>
        <trim prefix="values (" suffix=")" suffixOverrides=",">
            <if test="title != null">#{title},</if>
            <if test="startTime != null">#{startTime},</if>
            <if test="endTime != null">#{endTime},</if>
            <if test="status != null">#{status},</if>
            <if test="createTime != null">#{createTime},</if>
            <if test="userId != null">#{userId},</if>
         </trim>
    </insert>

    <update id="updateSeckillPromotion" parameterType="SeckillPromotion">
        update sms_seckill_promotion
        <trim prefix="SET" suffixOverrides=",">
            <if test="title != null">title = #{title},</if>
            <if test="startTime != null">start_time = #{startTime},</if>
            <if test="endTime != null">end_time = #{endTime},</if>
            <if test="status != null">status = #{status},</if>
            <if test="createTime != null">create_time = #{createTime},</if>
            <if test="userId != null">user_id = #{userId},</if>
        </trim>
        where id = #{id}
    </update>

    <delete id="deleteSeckillPromotionById" parameterType="Long">
        delete from sms_seckill_promotion where id = #{id}
    </delete>

    <delete id="deleteSeckillPromotionByIds" parameterType="String">
        delete from sms_seckill_promotion where id in 
        <foreach item="id" collection="array" open="(" separator="," close=")">
            #{id}
        </foreach>
    </delete>
</mapper>