<?xml version="1.0" encoding="UTF-8" ?>
<!DOCTYPE mapper
PUBLIC "-//mybatis.org//DTD Mapper 3.0//EN"
"http://mybatis.org/dtd/mybatis-3-mapper.dtd">
<mapper namespace="com.qh.mall.coupon.mapper.SeckillSessionMapper">
    
    <resultMap type="SeckillSession" id="SeckillSessionResult">
        <result property="id"    column="id"    />
        <result property="name"    column="name"    />
        <result property="startTime"    column="start_time"    />
        <result property="endTime"    column="end_time"    />
        <result property="status"    column="status"    />
        <result property="createTime"    column="create_time"    />
    </resultMap>

    <sql id="selectSeckillSessionVo">
        select id, name, start_time, end_time, status, create_time from sms_seckill_session
    </sql>

    <select id="selectSeckillSessionList" parameterType="SeckillSession" resultMap="SeckillSessionResult">
        <include refid="selectSeckillSessionVo"/>
        <where>  
            <if test="name != null  and name != ''"> and name like concat('%', #{name}, '%')</if>
            <if test="startTime != null "> and start_time = #{startTime}</if>
            <if test="endTime != null "> and end_time = #{endTime}</if>
            <if test="status != null "> and status = #{status}</if>
        </where>
    </select>
    
    <select id="selectSeckillSessionById" parameterType="Long" resultMap="SeckillSessionResult">
        <include refid="selectSeckillSessionVo"/>
        where id = #{id}
    </select>
        
    <insert id="insertSeckillSession" parameterType="SeckillSession" useGeneratedKeys="true" keyProperty="id">
        insert into sms_seckill_session
        <trim prefix="(" suffix=")" suffixOverrides=",">
            <if test="name != null">name,</if>
            <if test="startTime != null">start_time,</if>
            <if test="endTime != null">end_time,</if>
            <if test="status != null">status,</if>
            <if test="createTime != null">create_time,</if>
         </trim>
        <trim prefix="values (" suffix=")" suffixOverrides=",">
            <if test="name != null">#{name},</if>
            <if test="startTime != null">#{startTime},</if>
            <if test="endTime != null">#{endTime},</if>
            <if test="status != null">#{status},</if>
            <if test="createTime != null">#{createTime},</if>
         </trim>
    </insert>

    <update id="updateSeckillSession" parameterType="SeckillSession">
        update sms_seckill_session
        <trim prefix="SET" suffixOverrides=",">
            <if test="name != null">name = #{name},</if>
            <if test="startTime != null">start_time = #{startTime},</if>
            <if test="endTime != null">end_time = #{endTime},</if>
            <if test="status != null">status = #{status},</if>
            <if test="createTime != null">create_time = #{createTime},</if>
        </trim>
        where id = #{id}
    </update>

    <delete id="deleteSeckillSessionById" parameterType="Long">
        delete from sms_seckill_session where id = #{id}
    </delete>

    <delete id="deleteSeckillSessionByIds" parameterType="String">
        delete from sms_seckill_session where id in 
        <foreach item="id" collection="array" open="(" separator="," close=")">
            #{id}
        </foreach>
    </delete>
</mapper>