<?xml version="1.0" encoding="UTF-8" ?>
<!DOCTYPE mapper
PUBLIC "-//mybatis.org//DTD Mapper 3.0//EN"
"http://mybatis.org/dtd/mybatis-3-mapper.dtd">
<mapper namespace="com.qh.mall.coupon.mapper.SkuLadderMapper">
    
    <resultMap type="SkuLadder" id="SkuLadderResult">
        <result property="id"    column="id"    />
        <result property="skuId"    column="sku_id"    />
        <result property="fullCount"    column="full_count"    />
        <result property="discount"    column="discount"    />
        <result property="price"    column="price"    />
        <result property="addOther"    column="add_other"    />
    </resultMap>

    <sql id="selectSkuLadderVo">
        select id, sku_id, full_count, discount, price, add_other from sms_sku_ladder
    </sql>

    <select id="selectSkuLadderList" parameterType="SkuLadder" resultMap="SkuLadderResult">
        <include refid="selectSkuLadderVo"/>
        <where>  
            <if test="skuId != null "> and sku_id = #{skuId}</if>
            <if test="fullCount != null "> and full_count = #{fullCount}</if>
            <if test="discount != null "> and discount = #{discount}</if>
            <if test="price != null "> and price = #{price}</if>
            <if test="addOther != null "> and add_other = #{addOther}</if>
        </where>
    </select>
    
    <select id="selectSkuLadderById" parameterType="Long" resultMap="SkuLadderResult">
        <include refid="selectSkuLadderVo"/>
        where id = #{id}
    </select>
        
    <insert id="insertSkuLadder" parameterType="SkuLadder" useGeneratedKeys="true" keyProperty="id">
        insert into sms_sku_ladder
        <trim prefix="(" suffix=")" suffixOverrides=",">
            <if test="skuId != null">sku_id,</if>
            <if test="fullCount != null">full_count,</if>
            <if test="discount != null">discount,</if>
            <if test="price != null">price,</if>
            <if test="addOther != null">add_other,</if>
         </trim>
        <trim prefix="values (" suffix=")" suffixOverrides=",">
            <if test="skuId != null">#{skuId},</if>
            <if test="fullCount != null">#{fullCount},</if>
            <if test="discount != null">#{discount},</if>
            <if test="price != null">#{price},</if>
            <if test="addOther != null">#{addOther},</if>
         </trim>
    </insert>

    <update id="updateSkuLadder" parameterType="SkuLadder">
        update sms_sku_ladder
        <trim prefix="SET" suffixOverrides=",">
            <if test="skuId != null">sku_id = #{skuId},</if>
            <if test="fullCount != null">full_count = #{fullCount},</if>
            <if test="discount != null">discount = #{discount},</if>
            <if test="price != null">price = #{price},</if>
            <if test="addOther != null">add_other = #{addOther},</if>
        </trim>
        where id = #{id}
    </update>

    <delete id="deleteSkuLadderById" parameterType="Long">
        delete from sms_sku_ladder where id = #{id}
    </delete>

    <delete id="deleteSkuLadderByIds" parameterType="String">
        delete from sms_sku_ladder where id in 
        <foreach item="id" collection="array" open="(" separator="," close=")">
            #{id}
        </foreach>
    </delete>
</mapper>