<?xml version="1.0" encoding="UTF-8" ?>
<!DOCTYPE mapper
PUBLIC "-//mybatis.org//DTD Mapper 3.0//EN"
"http://mybatis.org/dtd/mybatis-3-mapper.dtd">
<mapper namespace="com.qh.mall.member.mapper.IntegrationChangeHistoryMapper">
    
    <resultMap type="IntegrationChangeHistory" id="IntegrationChangeHistoryResult">
        <result property="id"    column="id"    />
        <result property="memberId"    column="member_id"    />
        <result property="createTime"    column="create_time"    />
        <result property="changeCount"    column="change_count"    />
        <result property="note"    column="note"    />
        <result property="sourceTyoe"    column="source_tyoe"    />
    </resultMap>

    <sql id="selectIntegrationChangeHistoryVo">
        select id, member_id, create_time, change_count, note, source_tyoe from ums_integration_change_history
    </sql>

    <select id="selectIntegrationChangeHistoryList" parameterType="IntegrationChangeHistory" resultMap="IntegrationChangeHistoryResult">
        <include refid="selectIntegrationChangeHistoryVo"/>
        <where>  
            <if test="memberId != null "> and member_id = #{memberId}</if>
            <if test="changeCount != null "> and change_count = #{changeCount}</if>
            <if test="note != null  and note != ''"> and note = #{note}</if>
            <if test="sourceTyoe != null "> and source_tyoe = #{sourceTyoe}</if>
        </where>
    </select>
    
    <select id="selectIntegrationChangeHistoryById" parameterType="Long" resultMap="IntegrationChangeHistoryResult">
        <include refid="selectIntegrationChangeHistoryVo"/>
        where id = #{id}
    </select>
        
    <insert id="insertIntegrationChangeHistory" parameterType="IntegrationChangeHistory" useGeneratedKeys="true" keyProperty="id">
        insert into ums_integration_change_history
        <trim prefix="(" suffix=")" suffixOverrides=",">
            <if test="memberId != null">member_id,</if>
            <if test="createTime != null">create_time,</if>
            <if test="changeCount != null">change_count,</if>
            <if test="note != null">note,</if>
            <if test="sourceTyoe != null">source_tyoe,</if>
         </trim>
        <trim prefix="values (" suffix=")" suffixOverrides=",">
            <if test="memberId != null">#{memberId},</if>
            <if test="createTime != null">#{createTime},</if>
            <if test="changeCount != null">#{changeCount},</if>
            <if test="note != null">#{note},</if>
            <if test="sourceTyoe != null">#{sourceTyoe},</if>
         </trim>
    </insert>

    <update id="updateIntegrationChangeHistory" parameterType="IntegrationChangeHistory">
        update ums_integration_change_history
        <trim prefix="SET" suffixOverrides=",">
            <if test="memberId != null">member_id = #{memberId},</if>
            <if test="createTime != null">create_time = #{createTime},</if>
            <if test="changeCount != null">change_count = #{changeCount},</if>
            <if test="note != null">note = #{note},</if>
            <if test="sourceTyoe != null">source_tyoe = #{sourceTyoe},</if>
        </trim>
        where id = #{id}
    </update>

    <delete id="deleteIntegrationChangeHistoryById" parameterType="Long">
        delete from ums_integration_change_history where id = #{id}
    </delete>

    <delete id="deleteIntegrationChangeHistoryByIds" parameterType="String">
        delete from ums_integration_change_history where id in 
        <foreach item="id" collection="array" open="(" separator="," close=")">
            #{id}
        </foreach>
    </delete>
</mapper>