<?xml version="1.0" encoding="UTF-8" ?>
<!DOCTYPE mapper
PUBLIC "-//mybatis.org//DTD Mapper 3.0//EN"
"http://mybatis.org/dtd/mybatis-3-mapper.dtd">
<mapper namespace="com.qh.mall.member.mapper.MemberCollectSubjectMapper">
    
    <resultMap type="MemberCollectSubject" id="MemberCollectSubjectResult">
        <result property="id"    column="id"    />
        <result property="subjectId"    column="subject_id"    />
        <result property="subjectName"    column="subject_name"    />
        <result property="subjectImg"    column="subject_img"    />
        <result property="subjectUrll"    column="subject_urll"    />
    </resultMap>

    <sql id="selectMemberCollectSubjectVo">
        select id, subject_id, subject_name, subject_img, subject_urll from ums_member_collect_subject
    </sql>

    <select id="selectMemberCollectSubjectList" parameterType="MemberCollectSubject" resultMap="MemberCollectSubjectResult">
        <include refid="selectMemberCollectSubjectVo"/>
        <where>  
            <if test="subjectId != null "> and subject_id = #{subjectId}</if>
            <if test="subjectName != null  and subjectName != ''"> and subject_name like concat('%', #{subjectName}, '%')</if>
            <if test="subjectImg != null  and subjectImg != ''"> and subject_img = #{subjectImg}</if>
            <if test="subjectUrll != null  and subjectUrll != ''"> and subject_urll = #{subjectUrll}</if>
        </where>
    </select>
    
    <select id="selectMemberCollectSubjectById" parameterType="Long" resultMap="MemberCollectSubjectResult">
        <include refid="selectMemberCollectSubjectVo"/>
        where id = #{id}
    </select>
        
    <insert id="insertMemberCollectSubject" parameterType="MemberCollectSubject" useGeneratedKeys="true" keyProperty="id">
        insert into ums_member_collect_subject
        <trim prefix="(" suffix=")" suffixOverrides=",">
            <if test="subjectId != null">subject_id,</if>
            <if test="subjectName != null">subject_name,</if>
            <if test="subjectImg != null">subject_img,</if>
            <if test="subjectUrll != null">subject_urll,</if>
         </trim>
        <trim prefix="values (" suffix=")" suffixOverrides=",">
            <if test="subjectId != null">#{subjectId},</if>
            <if test="subjectName != null">#{subjectName},</if>
            <if test="subjectImg != null">#{subjectImg},</if>
            <if test="subjectUrll != null">#{subjectUrll},</if>
         </trim>
    </insert>

    <update id="updateMemberCollectSubject" parameterType="MemberCollectSubject">
        update ums_member_collect_subject
        <trim prefix="SET" suffixOverrides=",">
            <if test="subjectId != null">subject_id = #{subjectId},</if>
            <if test="subjectName != null">subject_name = #{subjectName},</if>
            <if test="subjectImg != null">subject_img = #{subjectImg},</if>
            <if test="subjectUrll != null">subject_urll = #{subjectUrll},</if>
        </trim>
        where id = #{id}
    </update>

    <delete id="deleteMemberCollectSubjectById" parameterType="Long">
        delete from ums_member_collect_subject where id = #{id}
    </delete>

    <delete id="deleteMemberCollectSubjectByIds" parameterType="String">
        delete from ums_member_collect_subject where id in 
        <foreach item="id" collection="array" open="(" separator="," close=")">
            #{id}
        </foreach>
    </delete>
</mapper>