<?xml version="1.0" encoding="UTF-8" ?>
<!DOCTYPE mapper
PUBLIC "-//mybatis.org//DTD Mapper 3.0//EN"
"http://mybatis.org/dtd/mybatis-3-mapper.dtd">
<mapper namespace="com.qh.mall.member.mapper.MemberLoginLogMapper">
    
    <resultMap type="MemberLoginLog" id="MemberLoginLogResult">
        <result property="id"    column="id"    />
        <result property="memberId"    column="member_id"    />
        <result property="createTime"    column="create_time"    />
        <result property="ip"    column="ip"    />
        <result property="city"    column="city"    />
        <result property="loginType"    column="login_type"    />
    </resultMap>

    <sql id="selectMemberLoginLogVo">
        select id, member_id, create_time, ip, city, login_type from ums_member_login_log
    </sql>

    <select id="selectMemberLoginLogList" parameterType="MemberLoginLog" resultMap="MemberLoginLogResult">
        <include refid="selectMemberLoginLogVo"/>
        <where>  
            <if test="memberId != null "> and member_id = #{memberId}</if>
            <if test="ip != null  and ip != ''"> and ip = #{ip}</if>
            <if test="city != null  and city != ''"> and city = #{city}</if>
            <if test="loginType != null "> and login_type = #{loginType}</if>
        </where>
    </select>
    
    <select id="selectMemberLoginLogById" parameterType="Long" resultMap="MemberLoginLogResult">
        <include refid="selectMemberLoginLogVo"/>
        where id = #{id}
    </select>
        
    <insert id="insertMemberLoginLog" parameterType="MemberLoginLog" useGeneratedKeys="true" keyProperty="id">
        insert into ums_member_login_log
        <trim prefix="(" suffix=")" suffixOverrides=",">
            <if test="memberId != null">member_id,</if>
            <if test="createTime != null">create_time,</if>
            <if test="ip != null">ip,</if>
            <if test="city != null">city,</if>
            <if test="loginType != null">login_type,</if>
         </trim>
        <trim prefix="values (" suffix=")" suffixOverrides=",">
            <if test="memberId != null">#{memberId},</if>
            <if test="createTime != null">#{createTime},</if>
            <if test="ip != null">#{ip},</if>
            <if test="city != null">#{city},</if>
            <if test="loginType != null">#{loginType},</if>
         </trim>
    </insert>

    <update id="updateMemberLoginLog" parameterType="MemberLoginLog">
        update ums_member_login_log
        <trim prefix="SET" suffixOverrides=",">
            <if test="memberId != null">member_id = #{memberId},</if>
            <if test="createTime != null">create_time = #{createTime},</if>
            <if test="ip != null">ip = #{ip},</if>
            <if test="city != null">city = #{city},</if>
            <if test="loginType != null">login_type = #{loginType},</if>
        </trim>
        where id = #{id}
    </update>

    <delete id="deleteMemberLoginLogById" parameterType="Long">
        delete from ums_member_login_log where id = #{id}
    </delete>

    <delete id="deleteMemberLoginLogByIds" parameterType="String">
        delete from ums_member_login_log where id in 
        <foreach item="id" collection="array" open="(" separator="," close=")">
            #{id}
        </foreach>
    </delete>
</mapper>